Actual Price,Predicted Price
33867.8,34387.839451795815
32866.3,33836.39206962585
33797.4,32616.752722018955
33510.6,33144.070756322144
34227.7,32956.77815282345
33113.0,33920.922089916465
32728.1,33601.20659752488
32820.7,32488.972353625293
31840.5,32279.923923528193
31394.0,31693.463836336134
31518.6,31239.091296499966
31785.4,30951.026383590695
30837.2,31542.49046332836
29793.8,31271.795806527134
32131.399999999998,29607.036296945807
32298.899999999998,31458.753068488833
33603.3,32445.51078390479
33824.8,33561.5034660697
35391.1,33912.379590892786
37276.59999999999,35213.60927648544
39451.99999999999,37850.56963021755
40003.19999999999,39648.675306689736
40001.399999999994,40251.728267335886
42203.399999999994,40197.90377310514
41553.69999999999,42192.34974194765
39878.299999999996,42121.73204035759
39168.399999999994,39789.58407850265
38130.299999999996,38709.82788021564
39736.9,37702.631751382345
40867.19999999999,39146.207386803624
42795.4,40933.03774847984
44614.2,42261.40832314491
43792.8,44503.40167256593
46284.299999999996,44296.509009492394
45593.799999999996,45854.14431834221
45564.299999999996,45561.7177879095
44403.399999999994,45178.02609839439
47809.09999999999,44525.129191112515
47081.49999999999,47196.60794773101
46991.3,47618.65051484108
45996.299999999996,46899.5214764595
44691.59999999999,45515.7498668313
44723.8,43858.76636133194
46755.899999999994,43963.667291224
49323.99999999999,46161.53927556276
48875.799999999996,48820.915251255035
49254.49999999999,49438.44451409578
49539.7,49437.34703270197
47714.69999999999,49261.06190627813
48994.49999999999,47241.71356199979
46831.59999999999,47651.226549863815
49064.299999999996,46722.543891537185
48897.09999999999,48146.67407289743
48777.399999999994,49530.51536388397
46992.69999999999,48794.65408933163
47130.399999999994,46480.73215776682
48819.399999999994,45940.02659249306
49274.299999999996,47839.50122500658
49998.99999999999,49021.56272258758
49918.4,49751.823357963556
51768.6,50065.89466032982
52672.09999999999,51639.826696860786
46779.59999999999,52592.09213989973
46061.399999999994,46816.252253246304
46385.59999999999,44147.93093317747
44842.799999999996,45415.73098710775
45161.899999999994,44750.25659464597
46062.299999999996,44894.83670302629
44949.49999999999,45301.144348406786
47077.49999999999,44731.62118637562
48130.6,46541.677215802665
47747.99999999999,47642.712358891964
47282.799999999996,46969.07218225002
48306.69999999999,46956.59486402273
47238.69999999999,48568.368233215806
42870.59999999999,47518.47485206127
40651.299999999996,42867.85825001001
43551.59999999999,39557.76290948391
44869.19999999999,41766.55309165716
42819.899999999994,44658.19445502758
42686.8,42938.149320232864
43203.399999999994,42112.43828918933
42172.59999999999,42627.16141797304
41022.299999999996,42268.81632255315
41536.799999999996,40628.49101678133
43823.299999999996,39949.40262893438
48145.99999999999,43182.60894562006
47666.899999999994,48954.781850790976
48200.09999999999,48795.420584273335
49227.299999999996,47779.9236636281
51469.299999999996,48660.45650334358
55323.19999999999,51160.00521843433
53783.899999999994,54945.27516180276
53914.69999999999,54292.391319775576
54942.49999999999,53903.67821737527
54687.69999999999,55218.93998650312
57477.299999999996,54741.888342070575
56015.899999999994,56323.06288478374
57380.09999999999,55339.95037542581
57345.799999999996,56206.154985833164
61672.49999999999,57504.42756878137
60861.09999999999,61111.922946691506
61527.49999999999,60897.33484860658
62056.299999999996,60638.40763119459
64278.49999999999,61549.613333833215
65979.1,63524.21318080425
62210.19999999999,65541.02251058817
60690.299999999996,62291.27558146715
61312.49999999999,59428.48230044841
60866.49999999999,60296.790416860575
63066.99999999999,60219.770740473265
60310.799999999996,61859.57779114246
58438.09999999999,59707.81309059858
60582.5,57252.49897279739
62242.799999999996,59844.44081395864
61840.09999999999,61400.31231342554
61309.59999999999,60998.61670295
60915.299999999996,60364.050347995755
63221.69999999999,60383.83549867868
62918.49999999999,62580.466283822054
61412.59999999999,62647.286351382725
60974.299999999996,60458.320515656465
61483.899999999994,59665.83442728519
63273.19999999999,60886.79554315805
67527.9,62752.71424654722
66904.4,66469.86195197106
64932.59999999999,66766.05563083888
64806.69999999999,64567.11665070056
64134.49999999999,64189.979363954066
64398.59999999999,62964.37137249708
65508.19999999999,63037.34081993103
63597.899999999994,64508.99368767738
60089.09999999999,63176.32464421987
60367.799999999996,59849.74966244697
56955.3,59072.09699323177
58083.399999999994,55788.162647676465
59717.59999999999,55865.326041865344
58714.3,58444.25053427219
56308.799999999996,58576.44478120803
57573.19999999999,56159.638324058054
57171.69999999999,56593.62253395319
58935.09999999999,56358.35649278163
53730.9,57661.358697927
54765.899999999994,53596.81022542715
57291.49999999999,53151.06728631258
57794.799999999996,56682.42707006931
56882.899999999994,58075.08740797042
57210.299999999996,56578.55829529762
56495.99999999999,56012.24047574997
53631.49999999999,55757.73802459239
49195.2,53466.6280277133
49405.49999999999,48418.936560261245
50562.09999999999,47139.22970422506
50595.19999999999,49800.430460488795
50473.899999999994,50768.365498983854
47596.59999999999,49953.33749119043
47137.19999999999,46788.74118195772
49314.49999999999,45870.59782907963
50080.99999999999,48212.88007348776
46703.59999999999,49518.051110911365
48366.5,46359.747899353504
48871.49999999999,47938.18309366703
47628.19999999999,49220.98205997943
46172.19999999999,47630.95798475742
46856.19999999999,45242.172143828866
46704.49999999999,45016.73988435268
46895.19999999999,46140.12967821359
48901.99999999999,47226.527380967134
48599.69999999999,48432.454743778704
50800.99999999999,48328.97357156276
50786.09999999999,50239.91078752279
50406.4,51004.67676053047
50779.899999999994,49796.78525443077
50678.19999999999,49826.51306393146
47545.19999999999,50645.22111846208
46461.69999999999,47575.97939302921
47123.299999999996,45590.30892025232
46219.49999999999,46171.24240471124
47737.99999999999,45742.88931958675
47311.799999999996,46736.80243948698
46430.2,46882.466964006424
45837.299999999996,45932.39648375511
43425.899999999994,45392.90163208246
43097.49999999999,43022.685873150826
41546.69999999999,41928.44030741453
41671.99999999999,41022.07745918035
41848.3,40902.66538641453
41832.19999999999,41525.35106977224
42733.19999999999,41427.51408758163
43900.99999999999,42135.21538319587
42559.99999999999,43423.46256071329
43073.299999999996,42366.31796320676
43096.99999999999,42430.1722179532
43079.1,42852.50222066641
42209.3,43006.44140648842
42364.59999999999,42306.0610085845
41677.799999999996,41899.58786997795
40715.899999999994,41227.96409764289
36475.5,40309.69444730281
35075.2,36158.15533154606
36269.5,33539.39487759471
36686.3,35278.91159695983
36950.59999999999,36501.00938999056
36800.399999999994,36767.61679961681
37164.299999999996,36553.8997185111
37745.1,36786.199946868415
38170.799999999996,37658.12713882923
37917.7,37722.64772156477
38498.59999999999,37303.07013250589
38709.69999999999,38422.03080502748
36890.2,39192.9897087574
37287.799999999996,37447.17989171743
41567.59999999999,36512.30648021102
41412.09999999999,40546.31491987705
42392.19999999999,41834.56645247936
43833.899999999994,42371.104201507565
44038.2,43763.79502500295
44388.899999999994,44243.43794494867
43520.99999999999,44494.586980736254
42388.399999999994,43421.720526754856
42205.19999999999,41670.37975189686
42061.09999999999,41661.43876260519
42550.3,42093.67658345699
44544.399999999994,42149.97912099361
43883.59999999999,43785.71416728496
40552.799999999996,43898.21907540559
40000.09999999999,40548.38794028759
40090.299999999996,38956.556504833694
38355.0,39192.645657050605
37017.69999999999,38091.30130293369
38248.19999999999,36690.740841031075
37224.59999999999,37425.02121976614
38339.19999999999,37351.102363824844
39209.6,37916.93241386413
39115.49999999999,38559.18549365997
37689.1,38490.3577319622
43188.19999999999,37546.780683290955
44420.299999999996,42644.821287226674
43912.799999999996,45219.60409389734
42462.99999999999,44438.88544491529
39142.69999999999,42738.24656841755
39395.799999999996,38840.362839806075
38403.1,38270.44772013425
38024.799999999996,37981.94947627783
38744.8,37111.67286149263
41929.0,38249.72622619867
39416.299999999996,42110.482856070994
38730.2,40481.72901086807
38814.299999999996,37960.814249277115
37792.399999999994,37496.00910357237
39671.09999999999,37410.12247433662
39285.69999999999,39273.47603272199
41118.7,39775.40827716589
40914.8,40961.77259862423
41767.799999999996,41630.61782679558
42233.0,41498.43229002952
41275.99999999999,41521.740704393385
41021.99999999999,40706.25976777077
42373.0,40529.97028626203
42911.99999999999,42495.603013432024
44012.99999999999,43309.25045931339
44330.99999999999,44162.24174214601
44548.0,44226.23535960913
46858.99999999999,44024.07667381763
47105.0,46193.65802667141
47448.99999999999,47083.380095517634
47074.99999999999,47196.594882476325
45524.99999999999,47124.605329144
46296.99999999999,45762.84867366552
45810.99999999999,45646.8814730525
46406.99999999999,45496.12149920463
46628.99999999999,45586.87275826931
45505.99999999999,46123.5411598444
43172.99999999999,45493.51715843677
43448.0,42920.11926876306
42274.99999999999,42526.502340769766
42766.99999999999,41621.74216377735
42138.0,41830.36815063953
39496.99999999999,41936.85433143377
40077.99999999999,39249.13110815286
41133.0,39329.016430401796
39936.0,40755.23269742727
40559.99999999999,39585.50915535688
40381.99999999999,39776.41865686178
39703.0,40083.11680049896
40803.0,39656.12685694694
41502.99999999999,40714.82186467647
41367.99999999999,41169.98485242128
40481.99999999999,41110.359385108946
39709.0,40507.110445642465
39418.0,39519.04620475769
39463.99999999999,38959.84459393024
40426.99999999999,39017.3317145586
38112.99999999999,39976.41722054481
39242.99999999999,38273.26110497713
39747.99999999999,38566.2799269557
38580.99999999999,39630.401370465755
37649.99999999999,38443.66251170635
38460.99999999999,37075.38629413843
38513.99999999999,37753.621085345745
37717.99999999999,38421.38189737796
39687.99999999999,37821.96543262005
36543.99999999999,39231.13154227733
36009.0,36782.11923232078
35468.0,35333.92502936721
34060.0,35130.81693506837
30095.0,33492.015909010166
31007.499999999996,29777.59230918884
29068.2,30103.174100935455
28975.999999999996,28956.360482960936
29284.399999999998,28490.516649508474
30080.4,28759.23845285177
31308.7,29548.13812881112
29848.999999999996,31059.548566573856
30437.499999999996,30447.400011122223
28683.7,30099.30678554773
30305.9,28622.24272481799
29178.6,30054.351421707866
29434.6,29653.679256182906
30286.599999999995,29245.69272557497
29093.299999999996,30098.657877898215
29648.699999999997,29559.25883809328
29540.599999999995,29242.814014458654
29203.499999999996,29286.247276127335
28601.2,28939.16878533363
29027.1,28658.712205737826
29465.199999999997,28852.184674704073
31723.3,29508.178047347064
31793.399999999998,31596.935557156798
29798.499999999996,32127.82040598988
30455.5,29992.853267890212
29700.9,29809.854778099056
29864.3,29807.574891155957
29912.999999999996,29530.478259557483
31367.6,29868.432847493885
31128.8,31249.245176935194
30201.599999999995,31539.97322425842
30097.8,30645.484514993426
29083.3,29580.57044603228
28403.4,28633.258912062644
26606.3,28014.90000554919
22448.0,26536.660071897506
22157.299999999996,22318.46855934858
22577.9,20995.459094190595
20386.599999999995,22081.615089732408
20444.6,20070.02532919645
18986.499999999996,19210.257534265515
20577.199999999997,18352.978670352695
20572.299999999996,19954.93350064754
20720.4,20916.409948241708
19965.8,20536.470164364575
21100.7,19600.412169766423
21226.9,20997.02474721074
21489.9,21620.577092462776
21043.5,21384.890785598753
20730.2,20810.840512818097
20278.0,20485.72471515536
20111.3,20298.61284767985
19926.6,20026.7248976171
19262.9,19365.08297986388
19243.2,19053.481010633706
19309.9,18944.76502637267
20215.8,19071.58509854674
20200.6,20022.88371273875
20561.1,19943.264050668477
21637.799999999996,20528.075738227366
21611.199999999997,21467.728855407237
21587.499999999996,21804.65564330816
20847.4,21710.385475647447
19963.199999999997,20782.987567365166
19330.899999999998,19805.39512811303
20250.0,19130.600853973625
20586.0,19854.22869505286
20825.099999999995,20496.692996466158
21209.899999999998,20742.783601146934
20785.6,21347.65698727965
22525.8,20929.59932284951
23410.2,22208.507020807265
23215.199999999997,23556.257723259925
23152.999999999996,23306.916047704217
22675.2,23335.84687666893
22460.4,22941.13028973937
22582.1,22415.97237754464
21301.9,22382.135545444486
21248.7,21014.16853890419
22958.3,20757.33611732721
23850.0,22759.686565256117
23774.3,24217.564299476144
23634.2,24220.66294237971
23303.399999999998,23718.534719115494
23271.2,23183.246879452465
22988.599999999995,23204.83721282482
22820.799999999996,22894.99905297756
22612.1,22518.110006070136
23308.2,22529.25684586167
22944.2,23436.368768697976
23175.299999999996,23200.055329608917
23816.3,22929.402046114203
23146.7,23444.861184245347
23962.9,23211.269673216342
23935.3,23879.762139511105
24398.699999999997,24151.24942176342
24442.5,24561.01500455141
24302.8,24631.58915529251
24101.699999999997,24383.972093355653
23856.8,23968.34021121263
23338.0,23660.636042964456
23203.6,23187.959081310033
20831.299999999996,23050.231699013708
21138.9,20883.243799215554
21517.199999999997,20620.316436326502
21416.299999999996,21227.09081701636
21517.199999999997,21286.70104153156
21365.199999999997,21271.26444311738
21565.4,21218.302255696057
20249.9,21453.00649091601
20033.9,20384.599643868205
19550.2,19616.038214373588
20295.8,19039.653616088628
19792.6,20077.165490883588
20043.9,20059.786524605748
20126.099999999995,19910.694548273084
19952.7,20079.0425324738
19831.4,19972.647808462378
19999.9,19613.460004115102
19793.1,19733.958670562504
18786.399999999998,19534.826768773793
19281.499999999996,18936.573111683127
19317.399999999998,19019.46562005281
21365.199999999997,19203.63780522346
21650.4,21184.565590548515
21834.9,21872.61238802671
22395.3,21990.423967093226
20175.499999999996,22492.778654772043
20222.5,20604.16560398936
19701.7,19758.567077767846
19802.4,19396.419993233678
20113.5,19513.582664650676
19418.8,20085.947519576548
19538.899999999998,19536.747361212965
18872.4,19297.300438541173
18489.0,18770.29814789295
19403.999999999996,17966.967898130413
19293.499999999996,18809.365436953303
18925.2,19277.91160058379
18803.199999999997,19074.999485105272
19225.7,18893.962961059806
19080.999999999996,19198.962621587514
19410.999999999996,18933.313330638408
19593.0,19016.84385894537
19422.999999999996,19358.41534488797
19311.899999999998,19307.341086769102
19052.199999999997,19561.527794271704
19628.3,19121.50090408325
20340.199999999997,19378.701330333944
20157.499999999996,20358.048868799207
19956.699999999997,20102.200696408745
19531.299999999996,19922.494650799035
19415.0,19388.929247212407
19441.0,19177.433259403704
19134.6,19318.93432276249
19059.1,18785.042287808654
19154.799999999996,18876.623190546034
19379.799999999996,19045.391440439224
19181.8,19317.588601529595
19068.699999999997,19194.28090532422
19261.9,18793.525993186235
19548.2,19026.58400631547
19328.199999999997,19460.901380205152
19123.9,19352.433635783193
19042.899999999998,19017.87819160819
19162.6,18832.765308099984
19204.8,19063.976765233278
19571.199999999997,19102.512733936306
19331.499999999996,19345.097495275735
20082.7,19258.078543967007
20769.5,20008.30288850665
20292.9,20919.667551743983
20594.4,20458.43139811158
20809.799999999996,20470.784596419333
20626.299999999996,20778.658612978455
20496.299999999996,20632.499786323307
20483.499999999996,20441.640368294713
20154.4,20330.23729665279
20206.399999999998,20002.018501001596
21145.899999999998,20127.586486268043
21301.6,21014.543076205253
20916.299999999996,21321.025643140074
20589.0,20950.299041360613
18527.399999999998,20551.989509391784
15886.900000000001,18433.55427355766
17589.099999999995,15359.071203452348
17049.9,16512.4130936861
16795.199999999997,16877.488972812887
16324.5,16531.011483734845
16613.7,16253.08303092122
16895.099999999995,16405.88553958535
16540.5,16783.021737560626
16691.2,16478.63070014715
16638.299999999996,16077.77126597166
16699.2,16359.17398776114
16286.7,16984.797175881264
15776.2,16579.2886885792
16212.900000000001,15534.480957812071
16623.899999999998,15659.874739682675
16601.2,16371.348627588153
16512.3,16477.557171720266
16456.5,16373.00464861989
16425.6,16438.57371804416
16211.7,16619.4458376348
16440.399999999998,16114.331114903092
17163.9,16144.45523712933
16972.0,16804.065507778523
17093.6,16952.544505912065
16884.499999999996,17124.767426899074
17112.6,16794.481054693457
16966.499999999996,16939.61752516925
17089.3,16890.493256312606
16835.2,16861.32180890739
17225.7,16741.913002455232
17125.699999999997,17043.424239981174
17127.199999999997,17241.47499194443
17093.3,17069.889002123473
17210.399999999998,16836.81792373955
17778.6,16997.358329492807
17796.4,17562.981512999533
17356.1,17840.606198641657
16629.6,17287.126080596445
16777.1,16514.155127644535
16741.1,16570.353143143653
16441.3,16470.0892898947
16902.8,16188.312030804156
16831.8,16550.630052420496
16820.599999999995,16788.134607228636
16779.1,16833.150942257045
16837.2,16749.642189374565
16831.8,16563.023535263535
16918.1,16593.451424661278
16706.1,16779.32535925507
16546.2,16635.962497103214
16636.399999999998,16379.056039083003
16607.199999999997,16511.090236648914
16537.4,16498.681511008737
16618.4,16262.11112191081
16674.299999999996,16372.391670420766
16674.2,16532.8406193912
16852.099999999995,16591.89012672603
16829.8,16790.909885078665
16950.9,16751.79904516935
16943.6,16846.779091668126
17119.0,16809.79244441688
17180.1,16955.245747318862
17439.099999999995,17068.828538951275
17942.3,17318.579592487215
18851.299999999996,17933.10711306333
19927.0,18901.486370217797
20958.2,20101.832691735028
20879.8,21282.089006626604
21184.199999999997,21277.67295054197
21137.1,21327.741184049843
20670.599999999995,21221.05902443528
21081.2,20709.91795297861
22677.199999999997,20946.960868787763
22775.699999999997,22634.68474102616
22707.799999999996,23174.12297659516
22915.499999999996,23051.128846502303
22632.5,23001.26094689965
23055.099999999995,22562.08329826593
23015.999999999996,22896.06822631955
23074.599999999995,23039.24381982088
23027.899999999998,23031.79444710612
23753.1,23206.51827559471
22832.199999999997,23977.309508556125
23125.099999999995,23013.254850703477
23725.6,22721.281249099968
23427.6,23452.676384091374
23431.2,23524.988213706016
23323.799999999996,23474.82199078798
22936.0,23439.71565144062
22761.8,22980.071281337736
23251.7,22730.154734575746
22964.599999999995,23076.786829167602
21792.499999999996,22853.249031621217
21635.0,21699.29525195956
21859.799999999996,21385.709541559216
21786.799999999996,21710.500885397192
21772.6,21667.74483942985
22198.5,21670.471122574803
24327.899999999998,22005.57095236182
23539.599999999995,24289.82169052958
24573.499999999996,24256.74264320135
24631.399999999998,24592.073292487858
24302.899999999998,24756.111920183896
24839.5,24468.347508132454
24450.7,24994.038918226954
24186.6,24611.69512748718
23936.3,24086.18445341587
23191.5,24039.012351363894
23166.099999999995,23228.50274415016
23558.7,22868.374241465328
23494.1,23283.999590981006
23130.499999999996,23448.177581393717
23642.199999999997,23101.954864782092
23465.4,23535.29016702771
22354.399999999998,23604.577390182018
22347.099999999995,22319.06085089445
22428.299999999996,22061.29644114971
22410.0,22123.003639042374
22197.799999999996,22418.339366185664
21710.799999999996,22205.989781737324
20361.8,21585.388006502388
20156.699999999997,20329.25740255117
20467.499999999996,19744.833317548033
21994.799999999996,20124.696887439488
24114.4,21677.530715191362
24699.7,24236.565534877776
24282.7,25571.958683937784
25004.099999999995,24925.788205277917
27391.799999999996,25217.023619991538
26914.5,27328.427571260927
27958.7,27361.796231734752
27720.499999999996,28155.314475226398
28114.0,28267.78018758297
27261.699999999997,28595.49161584377
28310.699999999997,27857.968876403567
27462.2,27935.27598839402
27475.6,27248.80790919065
27973.499999999996,27326.001788973805
27129.799999999996,28158.97274653911
27262.2,27413.508509790896
28350.4,27087.793887954947
28029.5,28278.482808715104
28473.7,28174.818722933527
28456.1,28325.112702697512
28198.299999999996,28590.37221354842
27802.1,28227.399840426442
28164.4,27990.64218267798
28173.5,28126.499056011435
28036.699999999997,28230.176207047698
27910.4,28026.449690693615
27941.199999999997,28033.93172654509
28326.6,27927.80701779723
29640.999999999996,28270.81785929799
30209.6,29574.320899206396
29886.399999999998,30455.533132165667
30387.4,30145.02428924441
30472.499999999996,30457.503808081146
30299.599999999995,30657.77020948529
30310.3,30361.879209017752
29434.9,30181.167138797042
30382.2,29549.481672501563
28813.699999999997,30191.297066265342
28240.5,29273.036126095052
27264.799999999996,27965.74416232705
27813.899999999998,26876.7355861783
27591.4,27412.583054250477
27509.299999999996,27604.261228239535
28298.8,27498.896481806038
28424.6,28161.496518236396
29475.9,28615.337737715243
29321.799999999996,29559.38731309771
29234.099999999995,29480.886907845732
29252.099999999995,29144.029801303146
28077.6,29329.495446687935
28669.1,28425.34715912342
29023.6,28510.663272237776
28842.1,29069.359693217273
29513.199999999997,28897.588612288233
28857.099999999995,29584.746972447632
28424.8,28933.095619446038
27670.5,28346.01057757139
27634.9,27590.571018868683
27603.299999999996,27380.93029722571
26983.499999999996,27553.981773114203
26799.199999999997,27108.55240011215
26777.499999999996,26827.72346075773
26919.999999999996,26676.120777982473
27183.9,26807.036807501314
27035.3,27067.601536834238
27403.1,26888.997327703237
26827.999999999996,27448.697595751284
26882.9,27074.46732817292
27116.199999999997,26994.081171160935
26749.9,27108.54368994236
26847.299999999996,26750.943314039705
27220.7,26847.515144068002
26328.4,27123.030879849193
26475.8,26522.83703243732
26711.499999999996,26320.46930257082
26857.5,26619.2586120367
28071.199999999997,26885.748434370755
27739.4,28000.96155633926
27698.199999999997,28116.935289579626
27216.1,27726.97881044149
26818.999999999996,27314.678568243977
27244.699999999997,26836.08522375822
27071.999999999996,26970.054167789218
27122.3,27129.607058042286
25747.4,27157.36201408505
27230.2,25943.66300227642
26342.5,26920.80469024181
26501.099999999995,26485.755662089585
26479.3,26276.702876907584
25843.999999999996,26322.520547556876
25928.399999999998,25847.703061676024
25906.8,25969.037904423472
25929.399999999998,25935.954502010343
25129.499999999996,25752.38767364025
25591.3,25109.439957803486
26341.299999999996,25344.174678617714
26514.999999999996,26333.673919975754
26339.7,26604.71262848377
26845.899999999998,26449.72604474425
28307.699999999997,26903.6173476994
29996.899999999998,28266.057751506563
29890.499999999996,30391.53733716011
30679.399999999998,30325.01123782992
30533.599999999995,30734.53511340618
30465.3,30853.01737554669
30266.999999999996,30712.96002283096
30689.099999999995,30313.11314589381
30078.599999999995,30378.071414661405
30445.7,30248.829915285107
30472.9,30500.98062059879
30586.799999999996,30517.96762923598
30617.699999999997,30431.13159149289
31151.3,30418.978727090354
30768.399999999998,31021.676748317477
30512.8,30799.47596183419
29913.099999999995,30538.109896880385
30346.4,29962.522279131408
30288.799999999996,30097.01601089239
30166.899999999998,30358.77621102929
30415.299999999996,30100.171269899605
30623.3,30297.670014852283
30387.299999999996,30543.455763590333
31466.099999999995,30514.799304974076
30317.4,31317.188856399058
30291.399999999998,30499.785149794814
30235.499999999996,30125.14114915132
30139.699999999997,30297.480568659303
29866.8,30074.42618553638
29909.7,29815.233307945724
29801.0,29817.491419464346
29903.1,29707.732392370697
29788.9,29821.602619606252
30085.899999999998,29818.109841519592
29178.1,29906.16312549114
29228.6,29228.63603557944
29352.199999999997,29104.4507897675
29222.699999999997,29366.57681703567
29314.999999999996,29201.791292279955
29353.5,29266.78440172672
29281.699999999997,29356.057109469173
29232.4,29292.209387350078
29712.199999999997,29139.254450714587
29173.7,29649.232714504
29189.299999999996,29221.519826859232
29105.499999999996,29125.47060701847
29068.1,29204.748394924398
29081.299999999996,29054.944362211223
29204.2,29036.243627667423
29777.4,29178.297786808012
29578.0,29670.68150761723
29449.0,29775.36468326449
29420.8,29410.63503338694
29428.199999999997,29394.144504427906
29300.099999999995,29394.01820696592
29426.7,29308.17077349424
29195.299999999996,29438.074245774744
28726.299999999996,29191.67660760879
26635.7,28778.15258655548
26053.199999999997,26709.554764729735
26099.399999999998,25530.05405706763
26190.8,25646.877031862732
26125.999999999996,25999.28614656925
26039.899999999998,26093.68261169195
26436.199999999997,26010.554928737878
26176.999999999996,26410.312526434656
26057.2,26359.92854927182
26017.099999999995,25886.4676723361
26100.6,25682.57784029841
26118.899999999998,26060.065711379048
27723.9,26399.272386223074
27298.8,27828.19751605391
25937.299999999996,27704.79400798082
25803.199999999997,26059.155498635766
25869.699999999997,25430.89530661106
25970.999999999996,25611.711898869275
25823.299999999996,25822.19097435474
25790.199999999997,25924.740158402918
25758.0,25770.99912894368
26249.799999999996,25904.005599212644
25909.5,26438.021754086014
25901.1,25756.13740173578
25840.199999999997,25453.985966730117
25166.399999999998,25697.57675268054
25834.499999999996,25355.20175357461
26223.0,25810.486683696505
26524.699999999997,26330.21816011071
26600.999999999996,26614.78376230597
26561.999999999996,26693.980981141325
26529.099999999995,26523.705871874092
26763.5,26493.100512766836
27209.2,26749.064094907044
27124.999999999996,27246.434387922283
26570.0,27375.95679027438
26581.9,26761.641580086944
26579.2,26528.485577547548
26251.5,26462.521284168957
26302.699999999997,26137.3183848083
26218.9,26135.082048714157
26366.1,26155.59667611718
27022.599999999995,26429.892988127467
26909.8,27124.28296675682
26962.7,27039.45680069327
27974.5,26863.942524296042
27505.299999999996,27928.111873739956
27428.399999999998,27820.282149255272
27790.9,27432.64693036675
27410.299999999996,27845.014676380153
27936.899999999998,27581.22282913923
27961.1,27899.45323758125
27922.699999999997,28075.919100028274
27581.4,27856.793003481624
27390.999999999996,27632.40378683805
26876.599999999995,27402.146093297
26761.1,26837.24367634058
26863.499999999996,26602.88784791231
26852.8,26734.69666983485
27161.2,26876.02570734024
28509.7,27198.702657461163
28403.6,28465.080776172872
28321.7,28675.803736412523
28722.999999999996,28393.448339802024
29674.499999999996,28681.54156076312
29912.9,29728.841488862035
29984.199999999997,30218.19407058358
33041.8,30195.436574459072
33917.0,32883.14237740039
34496.8,34500.92140866518
34153.7,34980.92144557237
33901.8,34358.046316021675
34082.6,33707.12661728263
34526.7,34037.80603590011
34477.9,34613.151946437356
34650.6,34451.43893407583
35423.8,34620.62309457659
34931.4,35539.85304113626
34718.7,35124.70021833181
35065.8,34256.90600193739
35019.4,34558.23650344014
35042.0,34864.25960891842
35426.1,35099.329671269654
35636.9,35541.40998398661
36700.5,35602.585861521955
37302.99999999999,36639.564238417144
37150.5,37283.10206825733
37064.399999999994,37096.221020281315
36478.3,36865.227317392826
35549.3,36434.572569900745
37874.899999999994,35593.89093452692
36161.2,37377.55950456858
36595.4,36538.71353747844
36568.59999999999,36227.873708105086
37354.19999999999,36458.42972496152
37454.1,37071.20976772308
35813.6,37322.45026029348
37410.8,35815.52120488882
37293.09999999999,36698.74548707008
37717.3,37500.69081983566
37786.99999999999,37828.802915906905
37451.799999999996,37700.78519538641
37248.6,37213.30312262773
37823.299999999996,37048.1452381134
37855.49999999999,37737.02385680675
37712.899999999994,37644.304099369045
38688.19999999999,37474.02899010181
39458.399999999994,38538.32028192282
39970.2,39655.369072175024
41987.799999999996,39849.13550937176
44076.2,41790.4407323122
43776.299999999996,43997.715344941615
43289.69999999999,44138.85058116913
44175.49999999999,43521.31696324348
43718.4,43760.46774014234
43790.99999999999,43754.239968740934
41256.09999999999,43552.20758041143
41487.0,41286.191582703585
42884.49999999999,40696.48695726394
43025.9,42335.261852812764
41929.0,43125.64008009434
42271.69999999999,41577.812422430514
41368.69999999999,41470.546681439875
42659.69999999999,41271.79367203712
42259.3,42238.81414270401
43662.799999999996,42158.01425262689
43865.899999999994,42965.59071016312
43968.9,44031.44547746181
43710.399999999994,44220.199211943145
42981.49999999999,43472.22644629478
43578.49999999999,42478.200094187254
42513.299999999996,42922.59295698404
43446.49999999999,42401.89029663801
42581.09999999999,43075.24303767681
42072.399999999994,42549.32734071016
42136.7,41839.84481537342
42272.49999999999,41687.51265587806
44183.399999999994,41726.425339424604
44943.69999999999,43499.4762124896
42836.09999999999,44839.21355873346
44157.0,43037.23185670376
44156.899999999994,43715.902156400676
43967.9,43994.14417532682
43927.299999999996,43758.83893839121
46962.19999999999,43467.15712747574
46128.99999999999,46185.67515605688
46629.299999999996,46650.554338204856
46348.2,46622.9039041996
42835.9,46199.97725485563
42851.299999999996,42386.542977464196
41746.09999999999,41797.169338476655
42510.7,41384.04598523378
43145.49999999999,41624.74717235565
42768.69999999999,42963.54817534685
41292.69999999999,42821.99485096931
41647.99999999999,41060.267198634145
41695.399999999994,40832.88821620941
41583.2,40872.00123366117
39556.4,41100.51253815889
39888.799999999996,39373.91300059557
40085.99999999999,39633.74172058105
39935.7,40131.26226402521
41811.299999999996,39841.100377738476
42120.9,41080.00879846811
42030.69999999999,41735.897649073595
43299.8,41861.19344153404
42946.19999999999,43131.4671836853
42580.49999999999,43193.50536803007
43081.399999999994,42292.5907310009
43194.69999999999,42868.21536697149
43005.69999999999,43058.13190912008
42581.399999999994,42722.886183989045
42697.2,42347.029292201994
43087.69999999999,42149.53490233421
44339.799999999996,42620.10182535648
45293.299999999996,44080.9889232397
47127.49999999999,44983.87205864191
47758.2,46884.90581154823
48277.299999999996,47874.22867196798
49941.299999999996,48267.20104739666
49715.99999999999,49657.57932081222
51782.399999999994,49631.832058906555
51901.3,51344.31676632166
52134.19999999999,52044.06567691564
51645.99999999999,51888.54559527635
52117.49999999999,51511.66525853872
51783.59999999999,51522.36134704351
52263.5,51208.41198705434
51858.2,51655.9579313159
51320.399999999994,51380.581558251375
50740.49999999999,50912.73656328916
51571.6,50228.16076847314
51722.69999999999,50808.131779170035
54495.09999999999,51136.27000575065
57056.19999999999,53623.59399753809
62467.59999999999,56821.34992316961
61169.3,62095.49273996353
62397.69999999999,62112.83033293485
61994.49999999999,61840.63752692937
63135.799999999996,61685.52246818542
68270.1,62347.700061380856
63792.59999999999,67357.02323089838
66080.4,64653.552020633215
66855.3,64792.28324999809
68172.0,66628.26945489645
68366.5,67494.49148564339
68964.8,67313.97321670056
72099.1,67577.93926733732
71470.2,70714.25801033973
73066.30000000002,71899.4725893855
71387.5,72390.22533090114
69463.7,70639.89493573904
65314.2,68123.98852177859
68391.2,64521.95442032813
67594.1,66047.2662890792
